idx,gold_label,Sentence1,Sentence2,Explanation_1,Translated_Sentence1,Translation_Evaluation_Sentence1,Translated_Sentence2,Translation_Evaluation_Sentence2,Translated_Explanation_1,Translation_Evaluation_Explanation_1,Well-Written,Related,Factual,New Information,Unnecessary Information,Back_Sentence1,Back_Sentence2
21138,contradiction,A woman in a blue apron cooking in a kitchen.,A woman in a pink apron sitting in a kitchen.,The apron is either blue or pink. The woman can't be cooking if she's sitting.,Eine Frau in einer blauen Schürze kocht in einer Küche.,,Eine Frau in einer rosa Schürze sitzt in einer Küche.,,,,,,,,,A woman in a blue apron is cooking in a kitchen.,A woman in a pink apron is sitting in a kitchen.
250485,contradiction,This young man smiles as he discovers a horseshoe crab in the sand.,The young man is at school taking a math test.,The young man is either at school or in the sand.,"Dieser junge Mann lächelt, während er eine Pferdesandkrabbe im Sand entdeckt.",,Der junge Mann ist in der Schule und macht eine Matheprüfung.,,,,,,,,,This young man is smiling as he discovers a horseshoe crab in the sand.,The young man is at school and taking a math exam.
186188,contradiction,Three young boys playing with the mud on a beach.,Three young girls are at the beach.,Boys and girls are different people.,Drei junge Jungen spielen mit dem Schlamm am Strand.,,Drei junge Mädchen sind am Strand.,,,,,,,,,Three young boys play with the mud on the beach.,Three young girls are at the beach.
117856,contradiction,A lock box on a pole with the keys in it.,A blue lock box  attached to the side of the house.,A pole is not the same as a house.,Eine Schließfachbox an einem Pfosten mit den Schlüsseln darin.,,Eine blaue Schließfachbox an der Seite des Hauses befestigt.,,,,,,,,,A safe deposit box on a post with the keys inside.,A blue safe deposit box attached to the side of the house.
95555,entailment,A man pours water on plants in a vast field of small plants.,A man waters plants,A man gave the plants water.,Ein Mann gießt Wasser auf Pflanzen in einem weitläufigen Feld kleiner Pflanzen.,,Ein Mann gießt Pflanzen,,,,,,,,,A man is watering plants in an extensive field of small plants.,A man is watering plants.
132042,contradiction,Dark nightclub with chairs.,The bouncers escorted a belligerent patron from the bar.,A nightclub might include a bar but a bar is not necessarily a nightclub.,Dunkle Nachtbar mit Stühlen.,,Die Türsteher eskortierten einen feindseligen Gast aus der Bar.,,,,,,,,,Dark nightclub with chairs.,The bouncers escorted an unfriendly guest out of the bar.
176217,entailment,"A young woman smiles as she shoots a gun at an indoor target range, as an older man looks on mirthlessly.",a young woman smiles as she shoots at an indoor shooting range,A young woman shoots a gun in  target range,"Eine junge Frau lächelt, während sie eine Waffe in einer Indoor-Schießanlage auf ein Ziel richtet, während ein älterer Mann unbeteiligt zuschaut.",,"Eine junge Frau lächelt, während sie in einer Indoor-Schießanlage schießt.",,,,,,,,,"A young woman smiles while aiming a weapon at a target in an indoor shooting range, as an older man watches disinterestedly.",A young woman smiles while shooting at an indoor shooting range.
21772,entailment,A man wearing a martial arts uniform is jumping through the air.,"The man leaps through the air, whilst wearing a martial arts uniform.",jumping   implies leaps,Ein Mann in einem Kampfkunstanzug springt durch die Luft.,,"Der Mann springt durch die Luft, während er eine Kampfkunstuniform trägt.",,,,,,,,,A man in a martial arts uniform leaps through the air.,The man leaps through the air while wearing a martial arts uniform.
12091,contradiction,A girl wearing a white hooded sweater is sitting on the ground.,A dog is sleeping.,Girl and dog are different.,Ein Mädchen in einem weißen Kapuzenpullover sitzt auf dem Boden.,,Ein Hund schläft.,,,,,,,,,A girl in a white hoodie is sitting on the floor.,A dog is sleeping.
159981,entailment,A brunette woman in a blue shirt too small for her standing behind casually-dressed people.,a dark haired woman stands behind a group wearing a small shirt,brunette woman implies that she is dark haired and shirt too small for her means that she is wearing a small shirt.,"Eine brünette Frau in einem blauen Hemd, das zu klein für sie ist, steht hinter lässig gekleideten Menschen.",,Eine dunkelhaarige Frau steht hinter einer Gruppe und trägt ein kleines Hemd.,,,,,,,,,A brunette woman in a blue shirt that is too small for her stands behind casually dressed people.,A dark-haired woman stands behind a group and is wearing a small shirt.
111189,neutral,Old woman with a white sweater and shawl standing at a shopping center in London.,An old woman is shopping for a new sweater.,Just because old woman with a white sweater and shawl standing at a shopping center in London does not mean she is shopping for a new sweater.,Alte Frau mit einem weißen Pullover und Schal steht vor einem Einkaufszentrum in London.,,Eine alte Frau kauft einen neuen Pullover.,,,,,,,,,An old woman wearing a white sweater and scarf stands in front of a shopping mall in London.,An old woman buys a new sweater.
32392,contradiction,The girl on the unicycle reaches out for the child on the scooter.,roadrage takes place on a highway,A girl on a unicycle wouldn't have roadrage on a highway.,Das Mädchen auf dem Einrad streckt die Hand nach dem Kind auf dem Roller aus.,,Roadrage findet auf einer Autobahn statt.,,,,,,,,,The girl on the unicycle stretches her hand towards the child on the scooter.,Road rage occurs on a highway.
247395,contradiction,A man in a brown shirt plays a musical instrument with a band in front of a crowd of people.,The man in a brown shirt is juggling in front of a crowd of people.,The man cannot be juggling and playing a musical instrument at the same time.,Ein Mann in einem braunen Hemd spielt ein Musikinstrument mit einer Band vor einer Menschenmenge.,,Der Mann im braunen Hemd jongliert vor einer Menschenmenge.,,,,,,,,,A man in a brown shirt is playing a musical instrument with a band in front of a crowd.,The man in the brown shirt is juggling in front of a crowd.
119391,neutral,A toddler in a blue shirt with red shorts and hat looks out from behind a fenced in area of a brick patio.,The toddler is wearing a blue polo shirt.,He is wearing a polo shirt.,Ein Kleinkind in einem blauen Hemd mit roten Shorts und Mütze schaut aus einem eingezäunten Bereich eines gepflasterten Hofs hervor.,,Das Kleinkind trägt ein blaues Polohemd.,,,,,,,,,A toddler in a blue shirt with red shorts and cap is peeking out from an enclosed area of a paved courtyard.,The toddler is wearing a blue polo shirt.
194107,contradiction,Pink shirted woman sleeping in a car with blue and white blanket on her.,The women in on her phone in the car.,A woman cannot be sleeping and be on her phone.,Eine Frau im rosa Hemd schläft in einem Auto mit einer blau-weißen Decke auf sich.,,Die Frau im Auto ist am Telefon.,,,,,,,,,A woman in a pink shirt is sleeping in a car with a blue-and-white blanket on her.,The woman in the car is on the phone.
201327,neutral,A pair of black women on the street where one of them is walking past.,Two women are walking,A person can pass another person without both of them walking.  The person being passed could be standing still.,"Ein Paar schwarzer Frauen auf der Straße, von denen eine an der anderen vorbeigeht.",,Zwei Frauen gehen spazieren.,,,,,,,,,"A pair of black women on the street, one of whom passes by the other.",Two women are going for a walk.
214850,contradiction,We see the backs of a young Asian girl with a green shirt and a red hat holding hands with a young Asian girl with a striped pink shirt and a pink hat by the pool.,The girls are in different rooms on top of the Empire State Building.,There is no pool at the top of the Empire State Building and the girls would not be seen holding hands if they were in different rooms.,"Wir sehen die Rücken eines jungen asiatischen Mädchens mit einem grünen Hemd und einer roten Mütze, das Händchen hält mit einem jungen asiatischen Mädchen mit einem gestreiften rosa Hemd und einer rosa Mütze am Pool.",,Die Mädchen sind in verschiedenen Räumen auf dem Dach des Empire State Buildings.,,,,,,,,,We see the back of a young Asian girl wearing a green shirt and a red cap holding hands with a young Asian girl in a striped pink shirt and a pink cap by the pool.,The girls are in different rooms on the roof of the Empire State Building.
37943,neutral,two man in the army with a small boy from the area.,Two army guys talk to a little boy about army trucks.,"The two men and small boy can be from the area without talking to each other. If they were talking to each other, it wouldn't have to be about army trucks.",zwei Männer in der Armee mit einem kleinen Jungen aus der Gegend.,,Zwei Soldaten reden mit einem kleinen Jungen über Militär-LKW.,,,,,,,,,two men in the army with a little boy from the area.,Two soldiers are talking to a little boy about military trucks.
31015,entailment,A street vendor sitting on a sidewalk with eggs and live chickens.,A street vendor is sitting.,A street vendor sitting is the same as a street vendor is sitting,Ein Straßenhändler sitzt am Straßenrand mit Eiern und lebenden Hühnern.,,Ein Straßenverkäufer sitzt.,,,,,,,,,A street vendor sits by the roadside with eggs and live chickens.,A street vendor is sitting.
163329,neutral,A man painted in gold with cycle stands in the street.,A man in bright gold paint stands near the building in the street.,A man painted in gold can not be expected to be bright and not all streets have buildings and not all buildings have streets,Ein mit Gold bemalter Mann mit einem Fahrrad steht auf der Straße.,,Ein Mann mit hellem Goldfarbe steht nahe dem Gebäude auf der Straße.,,,,,,,,,A man painted with gold and holding a bicycle stands on the street.,A man with light gold color stands near the building on the street.
147455,entailment,"With a beautiful blue sky and green mountains in the background, a man in blue shorts and a blue shirt wades through the shallow, clear waters carry something white.",Man in blue wades through water in front of a beautiful mountain scene.,"A man in blue wades as known as shorts sees green mountains in the background, which is also known as a beautiful mountain scene.","Mit einem schönen blauen Himmel und grünen Bergen im Hintergrund watet ein Mann in blauer Shorts und blauem Hemd durch das seichte, klare Wasser und trägt etwas Weißes.",,Ein Mann im Blauen watet durch Wasser vor einer schönen Berglandschaft.,,,,,,,,,"With a beautiful blue sky and green mountains in the background, a man in blue shorts and a blue shirt wades through the shallow, clear water carrying something white.",A man in blue wades through water in front of a beautiful mountain landscape.
163346,neutral,A large crowd of people are walking.,A large crowd is touring a museum.,Walking does not imply touring a museum.,Eine große Menschenmenge geht spazieren.,,Eine große Menschenmenge besichtigt ein Museum.,,,,,,,,,A large crowd of people is walking.,A large crowd visits a museum.
78290,neutral,Two elderly people sit in handicapped chairs on a train.,Two people are on a long train ride.,Train rides can be long or short or somewhere in between.,Zwei ältere Menschen sitzen in Rollstühlen in einem Zug.,,Zwei Menschen sind auf einer langen Zugfahrt.,,,,,,,,,Two elderly people are sitting in wheelchairs on a train.,Two people are on a long train journey.
145133,neutral,A woman cuts a cake while the woman next to her holds out a plate.,the woman is at a party,People can have cake at other places besides a party.,"Eine Frau schneidet einen Kuchen, während die Frau neben ihr einen Teller hinhält.",,Die Frau ist auf einer Party.,,,,,,,,,A woman is cutting a cake while the woman next to her holds out a plate.,The woman is at a party.
45546,contradiction,A person with a bag walking in a big city.,The man dropped his bag on the street.,Either it is a person walking with a bad in the city or a man dropped his bag in the street.,Eine Person mit einer Tasche geht in einer großen Stadt spazieren.,,Der Mann ließ seine Tasche auf der Straße fallen.,,,,,,,,,A person with a bag is walking in a big city.,The man dropped his bag on the street.
45705,neutral,14 men standing on a stairway outside almost all wearing the same shirt.,14 men posing for a picture.,Just because the men are standing on a stairway does not mean they are posing for a picture.,"14 Männer stehen auf einer Treppe draußen, fast alle tragen das gleiche Hemd.",,14 Männer posieren für ein Foto.,,,,,,,,,"14 men are standing on a staircase outside, almost all wearing the same shirt.",14 men pose for a photo.
147693,contradiction,Two children walking down a path in the woods.,There are kids at a beach.,The kids should be either at the woods or at a beach.,Zwei Kinder gehen einen Weg im Wald entlang.,,Es gibt Kinder am Strand.,,,,,,,,,Two children are walking along a path in the forest.,There are children on the beach.
5858,neutral,Young people are playing in the snow while an older person seems to be taking pictures.,Young people play in the fresh snow.,The snow is not necessarily fresh.,"Junge Menschen spielen im Schnee, während eine ältere Person anscheinend Fotos macht.",,Junge Menschen spielen im frischen Schnee.,,,,,,,,,"Young people are playing in the snow, while an older person apparently takes photos.",Young people play in the fresh snow.
11785,entailment,Person in blue jacket on a bike on a dirt course with people looking from behind a red and white barrier.,The people behind the barrier are watching a guy on a bike.,If they are looking from behind that indicates they are watching.,"Person in blauer Jacke auf einem Fahrrad auf einer Schotterstrecke mit Menschen, die hinter einer roten und weißen Absperrung zuschauen.",,Die Menschen hinter der Absperrung beobachten einen Mann auf einem Fahrrad.,,,,,,,,,Person in a blue jacket on a bicycle on a gravel track with people watching behind a red and white barrier.,The people behind the barrier are watching a man on a bicycle.
245852,neutral,A band is practicing their routine.,A band rehearses for the battle of the band competiton.,"We can't infer that they are practicing for the battle of the band competition, it could be for anything.",Eine Band übt ihren Auftritt.,,Eine Band probt für den Bandwettbewerb.,,,,,,,,,A band is practicing their performance.,A band is rehearsing for the band competition.
16340,contradiction,A laboratory worker making a phone call.,A woman is doing lab experiments with a telephone,A laboratory worker can't be making a phone call and doing lab experiments with a telephone at the same time.,"Ein Laborarbeiter, der ein Telefonat führt.",,Eine Frau führt Laborversuche mit einem Telefon durch.,,,,,,,,,A laboratory worker who is on a phone call.,A woman conducts laboratory experiments with a telephone.
122833,neutral,A man in a yellow shirt is on a roof hammering in shingles.,A man fixes his roof after a storm.,Roof damage can be caused by more than just a storm.,Ein Mann in einem gelben Hemd ist auf einem Dach und hämmert Schindeln ein.,,Ein Mann repariert sein Dach nach einem Sturm.,,,,,,,,,A man in a yellow shirt is on a roof and hammering shingles in.,A man repairs his roof after a storm.
56942,neutral,Three brown-haired women in brown and green skirts lean against a metal fence staring to the left.,Three woman are leaning on a fence watching a concert,Just because the women are leaning on a fence does not mean they are watching a concert.,Drei braunhaarige Frauen in braunen und grünen Röcken lehnen an einem Metallzaun und starren nach links.,,Drei Frauen lehnen sich an einen Zaun und schauen sich ein Konzert an.,,,,,,,,,Three brown-haired women in brown and green skirts lean against a metal fence and stare to the left.,Three women lean against a fence and watch a concert.
70751,neutral,Man on a motorcycle performing a trick high in the air.,A man on a Kawasaki is performing a trick high in the air.,Man on a motorcycle performing a trick high in the air does not indicate man is on a Kawasaki performing,"Mann auf einem Motorrad, der einen Trick hoch in der Luft ausführt.",,Ein Mann auf einer Kawasaki führt einen Trick hoch in der Luft aus.,,,,,,,,,Man on a motorcycle performing a trick high in the air.,A man on a Kawasaki performs a trick high in the air.
201159,contradiction,Two dogs playing in a yard.,The dogs are inside the house.,Dogs are either playing in a yard or are inside the house.,Zwei Hunde spielen im Hof.,,Die Hunde sind im Haus.,,,,,,,,,Two dogs are playing in the yard.,The dogs are in the house.
13812,entailment,"A balding man in a dark suit and maroon tie, with a mustache and beard, plays bagpipes, as a young blond woman standing next to him in a light blue crop top and skirt listens and sticks her tongue out.",There is a person playing an instrument.,A balding man is a person.,"Ein kahl werdender Mann in einem dunklen Anzug und einer bordeauxroten Krawatte, mit Schnurrbart und Bart, spielt Dudelsack, während eine junge blonde Frau neben ihm in einem hellblauen Crop-Top und Rock zuhört und ihre Zunge herausstreckt.",,"Es gibt eine Person, die ein Instrument spielt.",,,,,,,,,"A balding man in a dark suit and a burgundy tie, with a mustache and beard, plays the bagpipes while a young blonde woman next to him, wearing a light blue crop top and skirt, listens and sticks out her tongue.",There is a person who plays an instrument.
182183,neutral,A guy wearing protective pants is carving an owl on a perch out of wood using a chainsaw.,A man wearing yellow pants is carving an owl.,Not all protective pants are yellow.,Ein Mann mit Schutzhose schnitzt eine Eule auf einem Ast aus Holz mit einer Motorsäge.,,Ein Mann mit gelben Hosen schnitzt eine Eule.,,,,,,,,,A man wearing protective pants is carving an owl on a wooden branch with a chainsaw.,A man with yellow pants is carving an owl.
147494,neutral,A man in orange is demonstrating the use of a peeler.,a chef teaching how to cook,Not all man is chef.,Ein Mann in Orange demonstriert die Verwendung einer Schäler.,,"ein Koch, der erklärt, wie man kocht",,,,,,,,,A man in orange demonstrates the use of a peeler.,a chef who explains how to cook
186309,contradiction,A guy in a blue polo shirt and shorts addresses an audience in an auditorium.,A rock band is playing on a stage.,one is about a guy addressing an audience while the other is about a band playing on a stage,Ein Mann in einem blauen Poloshirt und Shorts spricht ein Publikum in einem Auditorium an.,,Eine Rockband spielt auf einer Bühne.,,,,,,,,,A man in a blue polo shirt and shorts is addressing an audience in an auditorium.,A rock band is playing on a stage.
112153,contradiction,A young man on an indoor stage stands before a microphone while holding a guitar.,a young man sits alone in his apartment,The man would not be on an indoor stage while in his apartment.,"Ein junger Mann auf einer Bühne im Innenraum steht vor einem Mikrofon, während er eine Gitarre hält.",,ein junger Mann sitzt allein in seiner Wohnung,,,,,,,,,A young man on an indoor stage stands in front of a microphone while holding a guitar.,a young man sits alone in his apartment
153446,neutral,A young girl stands barefoot on a driveway and uses a hula-hoop.,The hula-hoop is pink.,Not all hula-hoops are pink.,Ein junges Mädchen steht barfuß auf einer Einfahrt und benutzt einen Reifen.,,Der Hula-Hoop ist rosa.,,,,,,,,,A young girl stands barefoot on a driveway and uses a tire.,The hula hoop is pink.
186431,neutral,Shirtless men in their underwear are running with a blond in red underwear.,Men wearing very little clothing are jogging around the yard with a blond person wearing very little clothing.,"Although they are running with a blond, it does not imply they are in the yard.",Hemdlose Männer in Unterwäsche laufen mit einer Blondine in roter Unterwäsche.,,"Männer mit sehr wenig Kleidung joggen um den Hof herum mit einer blonden Person, die ebenfalls sehr wenig Kleidung trägt.",,,,,,,,,Shirtless men in underwear run with a blonde woman in red lingerie.,Men with very little clothing are jogging around the courtyard with a blonde person who is also wearing very little clothing.
220083,neutral,A boy is kicking a ball across the street.,it  was  kicked  acrossed the  street,it could mean any object besides a ball.,Ein Junge tritt einen Ball über die Straße.,,Es wurde über die Straße getreten.,,,,,,,,,A boy kicks a ball across the street.,It was trampled over the street.
59257,entailment,A native person doing a dance.,a person dancing,doing a dance implies dancing,"Eine einheimische Person, die einen Tanz aufführt.",,eine Person tanzt,,,,,,,,,A native person performing a dance.,a person is dancing
75778,entailment,A person in a red hat is walking past a building that is in need of a paint job.,Someone is taking a walk outside.,"A person in a red hat is someone, and buildings are outside.","Eine Person mit einer roten Mütze geht an einem Gebäude vorbei, das dringend eine neue Farbe benötigt.",,Jemand macht einen Spaziergang draußen.,,,,,,,,,A person wearing a red hat is walking past a building that urgently needs a new coat of paint.,Someone is taking a walk outside.
45674,neutral,A man is laughing with his hand up in the air and a little boy is watching him and laughing.,The boy is wearing socks.,Cannot assume that the little boy is wearing socks.,Ein Mann lacht mit der Hand in der Luft und ein kleiner Junge beobachtet ihn und lacht ebenfalls.,,Der Junge trägt Socken.,,,,,,,,,A man laughs with his hand in the air and a little boy watches him and laughs as well.,The boy is wearing socks.
172619,contradiction,Some people are gathered on a sidewalk next to some colorful umbrellas and bags.,The umbrellas are black.,Colorful umbrellas are different then black umbrellas,Einige Menschen sind auf einem Gehweg neben einigen bunten Regenschirmen und Taschen versammelt.,,Die Schirme sind schwarz.,,,,,,,,,Some people are gathered on a sidewalk next to some colorful umbrellas and bags.,The umbrellas are black.
135418,contradiction,A mountain biker is jumping his bike over a rock as another cyclist stands on the trail watching.,Skateboarder shreds the street course.,A trail is not a street.,"Ein Mountainbiker springt mit seinem Fahrrad über einen Felsen, während ein anderer Radfahrer am Weg steht und zuschaut.",,Der Skateboarder zerfetzt die Straßenstrecke.,,,,,,,,,A mountain biker jumps over a rock with his bike while another cyclist stands on the path and watches.,The skateboarder tears up the street course.
70802,entailment,"Three male students, one in red peering through a microscope.",Three boys are looking into a science instrument.,"The three boys are working on a science project, while one in red is looking through the science instrument.","Drei männliche Studenten, einer im Roten schaut durch ein Mikroskop.",,Drei Jungen schauen in ein wissenschaftliches Instrument.,,,,,,,,,"Three male students, one in red is looking through a microscope.",Three boys are looking at a scientific instrument.
114993,entailment,Young skateboarding boy flips his board while performing a stunt.,A skateboarding boy does stunts.,A boy flips his board while skateboarding implies he does stunts.,Ein junger Skateboardfahrer dreht seine Board während er einen Trick ausführt.,,Ein Junge auf einem Skateboard macht Tricks.,,,,,,,,,A young skateboarder spins his board while performing a trick.,A boy on a skateboard is doing tricks.
46429,entailment,five hikers walk down the hillside.,Five hikers walk down the hillside,if five hikers are walking down a hillside then five hikers walk down a hillside.,Fünf Wanderer gehen den Hang hinunter.,,Fünf Wanderer gehen den Hang hinunter.,,,,,,,,,Five hikers are going down the slope.,Five hikers are going down the slope.
117072,contradiction,Toe women sitting on the concrete ledge of a graffiti covered wall.,The toe women are inside sleeping.,"The women are either sitting on the concrete ledge or they are inside sleeping, it can't be both.","Zehen von Frauen, die auf einem mit Graffiti bedeckten Beton Sims sitzen.",,Die Zehenfrauen schlafen drinnen.,,,,,,,,,Toes of women sitting on a concrete ledge covered with graffiti.,The toe-women sleep inside.
72160,entailment,A man plays an acoustic guitar on a subway platform.,A man is playing music.,Playing an acoustic guitar is a type of music.,Ein Mann spielt eine Akustikgitarre auf einer U-Bahn-Station.,,Ein Mann spielt Musik.,,,,,,,,,A man is playing an acoustic guitar at a subway station.,A man is playing music.
121855,entailment,Man in black shirt holding a short-haired woman.,Man in shirt is holding a woman.,"The second sentence doesn't describe how the man is holding the woman, or the provided details about her.",Mann im schwarzen Hemd hält eine kurzhhaarige Frau.,,Mann im Hemd hält eine Frau.,,,,,,,,,Man in a black shirt is holding a short-haired woman.,Man in a shirt is holding a woman.
52415,entailment,Woman in blue shirt blowing very large bubble,A woman blows a bubble.,Woman in blue shirt is a type of woman.,"Frau im blauen Hemd, die eine sehr große Blase bläst",,Eine Frau bläst eine Blase.,,,,,,,,,"Woman in the blue shirt, who is blowing a very large bubble",A woman blows a bubble.
60764,neutral,A black and white dog looks at a man about to throw something.,The man is his owner.,Only because a dog looks at a man doesn't necessarily mean the man is his owner.,"Ein schwarzer und weißer Hund schaut auf einen Mann, der gerade etwas werfen will.",,Der Mann ist sein Besitzer.,,,,,,,,,A black and white dog looks at a man who is about to throw something.,The man is his owner.
181875,neutral,a young child throwing stones into a shallow stream.,A child sits next to a stream.,A child throwing stones into a stream may not be sitting next to it.,"ein kleines Kind, das Steine in einen flachen Bach wirft.",,Ein Kind sitzt neben einem Bach.,,,,,,,,,a small child throwing stones into a shallow stream.,A child sits next to a stream.
133305,entailment,A young boy in a black jacket is running towards a woman with outstretched arms.,A boy is running towards an eagerly waiting woman,A young boy running towards a woman with outstretched arms simply means a boy is running towards an eagerly waiting woman,Ein junger Junge in einer schwarzen Jacke läuft auf eine Frau mit ausgestreckten Armen zu.,,Ein Junge läuft auf eine sehnsüchtig wartende Frau zu.,,,,,,,,,A young boy in a black jacket runs towards a woman with outstretched arms.,A boy runs towards a woman who is waiting longingly.
216957,contradiction,A small dog and a large dog with a rope in its mouth.,One cat nibbles on a mouse given by his owner.,Dog and cat are different.,Ein kleiner Hund und ein großer Hund mit einem Seil im Maul.,,Eine Katze knabbert an einer von ihrem Besitzer gegebenen Maus.,,,,,,,,,A small dog and a large dog with a rope in its mouth.,A cat nibbles on a mouse given to it by its owner.
86641,contradiction,An old woman is knitting with blue yarn.,A teenager knits a scarf.,An old woman cannot be a teenager.,Eine alte Frau strickt mit blauer Wolle.,,Ein Teenager strickt einen Schal.,,,,,,,,,An old woman is knitting with blue wool.,A teenager is knitting a scarf.
99583,neutral,"Runners, some in costume, in a St Paddy's day Marathon run in the streets as people watch.",Runners butt naked running a marathon,Runners without or with butt naked can run,"Läufer, einige in Kostümen, nehmen an einem St. Patrick’s Day-Marathon teil und laufen durch die Straßen, während Menschen zuschauen.",,Läufer splitterfasernackt bei einem Marathon,,,,,,,,,"Runners, some in costumes, participate in a St. Patrick's Day marathon and run through the streets while people watch.",Runner completely naked during a marathon
117501,entailment,A black and white dog is going through an obstacle course.,The animal is on a course.,Dog is animal.,Ein schwarzer und weißer Hund durchläuft einen Hindernisparcours.,,Das Tier ist auf einem Kurs.,,,,,,,,,A black and white dog runs through an obstacle course.,The animal is on a course.
89281,neutral,Group of men in blue shirts drying off a red car at a car wash.,Group of men in blue shirts and black pants drying off a red car at a car wash.,We do not know they are in black pants.,Gruppe von Männern in blauen Hemden trocknet einen roten Wagen an einer Autowaschanlage ab.,,Gruppe von Männern in blauen Hemden und schwarzen Hosen trocknet einen roten Wagen an einer Autowaschanlage ab.,,,,,,,,,Group of men in blue shirts drying a red car at a car wash.,Group of men in blue shirts and black pants drying a red car at a car wash.
17850,neutral,Three guys sitting at the table together drinking beers and taking pictures.,Three guys are getting drunk,just because three guys are sitting at the table together drinking beers and taking pictures doesn't mean they are getting drunk,"Drei Kerle sitzen zusammen am Tisch, trinken Bier und machen Fotos.",,Drei Kerle betrinken sich.,,,,,,,,,"Three guys are sitting together at the table, drinking beer and taking pictures.",Three guys get drunk.
43428,entailment,three people standing on the side of a snowy grassy hill,Three people are standing on a hill.,People are standing on a hill that is snowy and grassy.,drei Menschen stehen auf der Seite eines schneebedeckten grasigen Hügels,,Drei Menschen stehen auf einem Hügel.,,,,,,,,,three people stand on the side of a snow-covered grassy hill,Three people are standing on a hill.
197068,neutral,A woman realigns her sock in a messy park.,A women stopped running to fix her sock.,A woman realigning her sock in a park does not mean that she is running.,Eine Frau richtet ihren Socken in einem unordentlichen Park wieder aus.,,"Eine Frau hörte auf zu laufen, um ihren Socken zu richten.",,,,,,,,,A woman adjusts her socks in a messy park.,A woman stopped running to adjust her sock.
121515,neutral,Children and adults in bright colored clothes are dancing.,The people are dancing at a party.,Dancing does not only happen at parties - it could be occurring in another setting,Kinder und Erwachsene in hellfarbigen Kleidern tanzen.,,Die Menschen tanzen auf einer Party.,,,,,,,,,Children and adults in light-colored clothing are dancing.,The people are dancing at a party.
32311,entailment,A dog playing in the grass.,An animal enjoying its time outdoors.,A dog is an animal.,Ein Hund spielt im Gras.,,Ein Tier genießt seine Zeit im Freien.,,,,,,,,,A dog is playing in the grass.,An animal enjoys its time outdoors.
190540,entailment,A man wearing a green shirt is trying to comfort his crying child by holding the child and giving him a kiss on the cheek.,There is a kid crying and being held by a man.,"A crying child is a rephrasing of a kid crying. When someone is holding a child, the child, or kid, is being held.","Ein Mann mit einem grünen Hemd versucht, sein weinendes Kind zu trösten, indem er es hält und ihm einen Kuss auf die Wange gibt.",,"Es gibt ein Kind, das weint und von einem Mann gehalten wird.",,,,,,,,,A man in a green shirt tries to comfort his crying child by holding it and giving it a kiss on the cheek.,There is a child who is crying and being held by a man.
83381,neutral,Three people on a boat are laughing and smiling.,Three people are making jokes about the sea.,"People laughing may not be telling jokes. Perhaps something amusing happened nearby. Even if they are telling jokes, just because they are on a boat the jokes might not have been about the sea.",Drei Menschen auf einem Boot lachen und lächeln.,,Drei Menschen machen Witze über das Meer.,,,,,,,,,Three people on a boat are laughing and smiling.,Three people make jokes about the sea.
57663,contradiction,Man is laying down on red lounge chair.,The man sleeping in his bed.,A lounge chair is not a bed.,Ein Mann liegt auf einem roten Liegestuhl.,,Der Mann schläft in seinem Bett.,,,,,,,,,A man is lying on a red lounge chair.,The man is sleeping in his bed.
196613,neutral,A person sitting on a hill outside.,A person sits on a hill to have a picnic,A person sitting on a hill outside is not necessarily a person who sits on a hill to have a picnic.,Eine Person sitzt draußen auf einem Hügel.,,"Eine Person sitzt auf einem Hügel, um ein Picknick zu haben.",,,,,,,,,A person is sitting outside on a hill.,A person is sitting on a hill to have a picnic.
163276,contradiction,a woman trying on open toed shoes while shopping.,The woman is at home.,The woman can be either shopping or at home.,"eine Frau, die sich offene Schuhe beim Einkaufen anprobiert.",,Die Frau ist zu Hause.,,,,,,,,,a woman trying on open shoes while shopping.,The woman is at home.
85561,contradiction,A woman organizing lettuce in a market.,A man picks through some lettuce,A man picking through lettuce is different from a woman organizing lettuce,"Eine Frau, die Salat auf einem Markt ordnet.",,Ein Mann sortiert durch einige Salatblätter.,,,,,,,,,A woman arranging salad at a market.,A man sorts through some lettuce leaves.
217657,neutral,A hitter is swinging a bat at a baseball during a game while the catcher and umpire look on.,The pitcher has just thrown a strike.,It cannot be assumed that the pitcher threw a strike.,"Ein Schlagmann schwingt einen Schläger auf einen Baseball während eines Spiels, während der Fangmann und der Schiedsrichter zuschauen.",,Der Pitcher hat gerade einen Strike geworfen.,,,,,,,,,A batter swings a bat at a baseball during a game while the catcher and the umpire watch.,The pitcher just threw a strike.
178599,entailment,Woman balances a pie on her head and looks up into camera,A woman is standing up.,There is a woman standing up with a pie on her head.,Eine Frau balanciert einen Kuchen auf ihrem Kopf und schaut in die Kamera hinauf.,,Eine Frau steht auf.,,,,,,,,,A woman balances a cake on her head and looks up at the camera.,A woman stands up.
164821,entailment,A boy and a girl playing on the beach.,The boy and girl are outside.,A beach is always found outside.,Ein Junge und ein Mädchen spielen am Strand.,,Der Junge und das Mädchen sind draußen.,,,,,,,,,A boy and a girl are playing on the beach.,The boy and the girl are outside.
15802,neutral,A little boy splashing in a blue inflatable pool.,The little boy was having fun splashing in the pool,Splashing in a pool does not imply he is having fun.,Ein kleiner Junge spritzt in einem blauen aufblasbaren Pool herum.,,Der kleine Junge hatte Spaß beim Planschen im Pool.,,,,,,,,,A little boy is splashing around in a blue inflatable pool.,The little boy had fun splashing in the pool.
226590,contradiction,The person wearing earrings is wearing a feathered hat.,The person is sleep without her earrings.,The person can either be wearing or not wearing earrings.,Die Person mit Ohrringen trägt einen gefiederten Hut.,,Die Person schläft ohne ihre Ohrringe.,,,,,,,,,The person with earrings is wearing a feathered hat.,The person is sleeping without her earrings.
29509,contradiction,A young man walks through Grand Central Station with his shadow cast by the light cascading down from the windows behind.,A man is waiting for a bus at the terminal.,"Waiting implies being still, not walking.  There are no buses at Grand Central Station.  Terminal is different from station.","Ein junger Mann geht durch den Grand Central Bahnhof, während sein Schatten von dem Licht geworfen wird, das von den Fenstern hinter ihm herabfließt.",,Ein Mann wartet am Terminal auf einen Bus.,,,,,,,,,A young man walks through Grand Central Station while his shadow is cast by the light that flows down from the windows behind him.,A man is waiting at the terminal for a bus.
135215,entailment,A man is swinging on a rope over water.,a man is swinging,A man is swinging is the same as a man is swinging,Ein Mann schwingt sich an einem Seil über Wasser.,,ein Mann schwingt sich,,,,,,,,,A man swings over water on a rope.,a man swings himself
107708,neutral,A young woman rests her head on a man's shoulder.,The man and woman are dating.,Resting her head may not imply that they are dating.,Eine junge Frau ruht ihren Kopf auf der Schulter eines Mannes.,,Der Mann und die Frau sind ein Paar.,,,,,,,,,A young woman rests her head on the shoulder of a man.,The man and the woman are a couple.
236116,contradiction,A crane operates amidst piles of rubble.,Gardeners tend to a flower bed.,A flower bed is not the same thing as piles of rubble.,Eine Kranmaschine arbeitet zwischen Haufen von Trümmern.,,Gärtner pflegen einen Blumenbeet.,,,,,,,,,A crane machine works between heaps of rubble.,Gardeners tend a flower bed.
175247,entailment,A woman is grating cheese.,A woman is grating cheese.,both sentences refer to the same woman grating cheese,Eine Frau reibt Käse.,,Eine Frau reibt Käse.,,,,,,,,,A woman is grating cheese.,A woman is grating cheese.
138445,contradiction,The boy in the red shirt is holding a rock.,The boy's red shoes are the only red thing he is wearing.,The boy cannot be wearing only one red thing if he is wearing a red shirt and red shoes.,Der Junge im roten Hemd hält einen Stein.,,"Die roten Schuhe des Jungen sind das einzige Rote, was er trägt.",,,,,,,,,The boy in the red shirt is holding a stone.,The boy's red shoes are the only red thing he wears.
84497,entailment,A kicker launches the football forward while the holder checks his fingers.,kicker kicks ball,A kicker launches the football forward definitely kicks the ball.,"Ein Kicker setzt den Fußball nach vorne, während der Halter seine Finger überprüft.",,Kicker kickt Ball,,,,,,,,,A kicker kicks the soccer ball forward while the goalkeeper checks his fingers.,Kicker kicks ball
163452,contradiction,A man with tattoos and the Confederate flag is standing with his hands in his pants pockets.,a man with a confederate flag has no tattoos,A person can't be said to have tattoos and no tattoos at the same time.,Ein Mann mit Tattoos und der Konföderiertenflagge steht mit den Händen in den Hosentaschen.,,Ein Mann mit einer Konföderiertenflagge hat keine Tattoos.,,,,,,,,,A man with tattoos and the Confederate flag stands with his hands in his pockets.,A man with a Confederate flag has no tattoos.
52815,contradiction,Two women are standing in the snow looking towards a tower with a orange cone shaped light.,The women are cooking dinner inside.,Snow happens outside while dinner happens inside.,Zwei Frauen stehen im Schnee und blicken auf einen Turm mit einem orangefarbenen kegelförmigen Licht.,,Die Frauen kochen das Abendessen drinnen.,,,,,,,,,Two women stand in the snow and look at a tower with an orange conical light.,The women cook dinner inside.
39982,neutral,Children playing on a playground.,The children are playing on the swings in the playground.,Not all children playing on a playground are playing on the swings.,Kinder spielen auf einem Spielplatz.,,Die Kinder spielen auf den Schaukeln im Spielplatz.,,,,,,,,,Children play on a playground.,The children are playing on the swings at the playground.
68890,neutral,A man in a tuxedo plays a brass instrument in accompaniment with a female piano player.,The couple are playing a jazz tune.,A man with a brass instrument and a female piano player aren't restricted to being able to play a jazz tune only.,Ein Mann im Smoking spielt ein Blechblasinstrument als Begleitung zu einer weiblichen Pianistin.,,Das Paar spielt einen Jazz-Titel.,,,,,,,,,A man in a tuxedo plays a brass instrument as accompaniment to a female pianist.,The couple is playing a jazz tune.
88381,entailment,A woman wearing a red blouse and a short is standing looking far ahead,Her gaze goes off into the distance.,When a woman is looking far ahead her gaze goes off into the distance.,Eine Frau in einem roten Blusen und Shorts steht und schaut weit nach vorn.,,Ihr Blick geht in die Ferne.,,,,,,,,,A woman in a red blouse and shorts stands and looks far ahead.,Her gaze goes into the distance.
234214,entailment,Three people are being silly in the woods.,three people are in the woods,If there are three people being silly they can be in the woods.,Drei Menschen verhalten sich albern im Wald.,,Drei Menschen sind im Wald.,,,,,,,,,Three people behave foolishly in the forest.,Three people are in the forest.
249176,entailment,a young man wearing a blue striped shirt standing in front of a floral patterened couch,A person stands before a piece of furniture.,That a person stands before a piece of furniture is a short version of a young man wearing a blue shirt is standing in front of a floral patterened couch,"ein junger Mann mit einem blau gestreiften Hemd, der vor einer blumenbedruckten Couch steht",,Eine Person steht vor einem Möbelstück.,,,,,,,,,"a young man with a blue striped shirt, standing in front of a flower-patterned couch",A person is standing in front of a piece of furniture.
216873,contradiction,Two men and a woman walking together.,Two girls and three men are running together.,Woman and men are different.,Zwei Männer und eine Frau gehen zusammen spazieren.,,Zwei Mädchen und drei Männer laufen zusammen.,,,,,,,,,Two men and a woman are walking together.,Two girls and three men are running together.
130979,contradiction,A man standing on a green post watching a train go by.,A man is watching a bus,A bus and a train are different modes of transportation.,Ein Mann steht auf einem grünen Pfosten und beobachtet einen vorbeifahrenden Zug.,,Ein Mann beobachtet einen Bus.,,,,,,,,,A man stands on a green post and watches a passing train.,A man is watching a bus.
255252,entailment,A girl sitting on a trampoline tossing a water bottle in the air,The girl is playing on a trampoline,trampoline tossing a water refers to playing on a trampoline,Ein Mädchen sitzt auf einem Trampolin und wirft eine Wasserflasche in die Luft.,,Das Mädchen spielt auf einem Trampolin.,,,,,,,,,A girl is sitting on a trampoline and throwing a water bottle into the air.,The girl is playing on a trampoline.
68855,entailment,A baseball player in mid-swing.,A baseball player in swing.,The player swings.,Ein Baseballspieler im Schwung.,,Ein Baseballspieler im Schwung.,,,,,,,,,A baseball player in the swing.,A baseball player in the swing.
77464,entailment,Two men in safety harnesses work together.,Two men are co-workers.,Men are co-workers so they will be working together.,Zwei Männer mit Sicherheitsgeschirr arbeiten zusammen.,,Zwei Männer sind Kollegen.,,,,,,,,,Two men with safety gear are working together.,Two men are colleagues.
79442,contradiction,five little boys playing soccer.,The boys are playing basketball,Soccer and basketball are two different sports.,"fünf kleine Jungen, die Fußball spielen.",,Die Jungen spielen Basketball.,,,,,,,,,five little boys playing football.,The boys are playing basketball.
206605,entailment,A woman and her daughter seated at a table in the library reading a book together.,Two females rest in a library.,A woman and daughter constitute two females. Being seated at a table is resting.,Eine Frau und ihre Tochter sitzen an einem Tisch in der Bibliothek und lesen gemeinsam ein Buch.,,Zwei weibliche Personen ruhen sich in einer Bibliothek aus.,,,,,,,,,A woman and her daughter are sitting at a table in the library and reading a book together.,Two female individuals are resting in a library.
232037,entailment,The teenagers are fighting over a basketball during a game.,Some kids playing a sport.,"Teenagers are kids, and basketball is a sport.",Die Teenager kämpfen während eines Spiels um einen Basketball.,,"Einige Kinder, die eine Sportart spielen.",,,,,,,,,The teenagers fight over a basketball during a game.,Some children who play a sport.
7685,neutral,A boy getting his hair buzzed off by another boy.,A boy getting a haircut because he has gum in his hair.,You can get a haircut for other reasons then having gum in your hair,Ein Junge lässt sich von einem anderen Jungen die Haare rasieren.,,"Ein Junge bekommt eine Frisur, weil er Kaugummi in den Haaren hat.",,,,,,,,,A boy lets another boy shave his hair.,A boy gets a haircut because he has chewing gum in his hair.
181540,entailment,A man with stretched earlobes wearing a black hat stands in front of a display of food for sale.,A man is standing in front of a food display.,Standing is a rephrasing of stands.,"Ein Mann mit gestreckten Ohrläppchen, der eine schwarze Mütze trägt, steht vor einer Auslage mit zum Verkauf angebotenen Lebensmitteln.",,Ein Mann steht vor einer Lebensmittelvitrine.,,,,,,,,,"A man with stretched earlobes, wearing a black cap, stands in front of a display of food items for sale.",A man stands in front of a food display case.
88734,entailment,Man in an orange shirt with tattoos walking two large poodles.,The man's shirt is orange.,there is a man in orange shirt,"Mann in einem orangefarbenen Hemd mit Tattoos, der zwei große Pudel spazieren führt.",,Das Hemd des Mannes ist orange.,,,,,,,,,Man in an orange shirt with tattoos walking two large poodles.,The man's shirt is orange.
98887,contradiction,Some kind of convention with booths set up and many people wearing tuxedos.,People at the movies,Conventions are different then a movies,Einige Art von Konvention mit aufgestellten Ständen und vielen Menschen in Smoking gekleidet.,,Menschen im Kino,,,,,,,,,Some kind of convention with set up booths and many people dressed in tuxedos.,People in the cinema
208564,neutral,two women are sitting on a park bench talking to each other.,the child is black,The two women may not have a child.,Zwei Frauen sitzen auf einer Parkbank und unterhalten sich miteinander.,,Das Kind ist schwarz.,,,,,,,,,Two women are sitting on a park bench and talking to each other.,The child is black.
131535,entailment,A male on Rollerblades skating down a railing next to stairs.,A guy does a rollerblading trick.,a guy does rollerblading trick is a rephrasing of male on rollerblades skating,Ein Mann auf Inline-Skates fährt an einer Treppe entlang einen Geländer hinunter.,,Ein Kerl macht einen Inline-Skating-Trick.,,,,,,,,,A man on inline skates rides down a railing along a staircase.,A guy performs an inline skating trick.
71448,entailment,Young boy with a white shirt and jeans singing into a microphone with three other boys in the background.,A young boy is singing,He is singing.,"Junger Junge mit einem weißen Hemd und Jeans singt in ein Mikrofon, während drei andere Jungen im Hintergrund stehen.",,Ein junger Junge singt.,,,,,,,,,"Young boy with a white shirt and jeans sings into a microphone, while three other boys stand in the background.",A young boy sings.
109905,contradiction,"Three people, two males and a female, are sitting in front of a tall tree on the ground during a rest from a hike.",The three women hike.,Two males and a female is not the same as three women.,"Drei Personen, zwei Männer und eine Frau, sitzen während einer Rast von einem Wanderung auf dem Boden vor einem hohen Baum.",,Die drei Frauen wandern.,,,,,,,,,"Three people, two men and one woman, are sitting on the ground in front of a tall tree during a break from hiking.",The three women are hiking.
7251,neutral,A man wearing an Alaska sweatshirt and a baseball cap is buying lottery tickets.,After a game a man wearing an Alaska shirt and baseball cap is buying scratchers to win money,A man doesn't necessarily have to buy the scratchers to win lottery.,"Ein Mann, der ein Alaska-Sweatshirt und eine Baseballkappe trägt, kauft Lottoscheine.",,"Nach einem Spiel kauft ein Mann, der ein Alaskahemd und eine Baseballkappe trägt, Scratchcards, um Geld zu gewinnen.",,,,,,,,,A man wearing an Alaska sweatshirt and a baseball cap is buying lottery tickets.,"After a game, a man wearing an Alaskan shirt and a baseball cap buys scratch cards to win money."
122333,neutral,A woman with long dark hair sitting with her legs crossed.,"The long-haired woman is relaxing, enjoying her rest","It cannot be inferred from sentence 1 that the woman is relaxing, enjoying her rest.",Eine Frau mit langen dunklen Haaren sitzt mit verschränkten Beinen.,,Die langhaarige Frau entspannt sich und genießt ihre Ruhepause.,,,,,,,,,A woman with long dark hair is sitting with her legs crossed.,The long-haired woman relaxes and enjoys her break.
125778,contradiction,"Kite surfers are surfing in a shipping harbor on a clear windy day, in the background is a snowcapped mountain.",There is only one person present.,If only one person is present then surfers cannot be present also.,"Kitesurfer fahren in einem Schifffahrthafen an einem klaren, windigen Tag, im Hintergrund ist ein schneebedeckter Berg.",,Es ist nur eine Person anwesend.,,,,,,,,,"Kitesurfers ride in a shipping harbor on a clear, windy day, with a snow-covered mountain in the background.",Only one person is present.
236230,neutral,"American soldiers play in a marching band with drums labeled Fort Lewis, Washington.",Some men in uniform are playing in a marching band,Not all American soldiers are men in uniform. They could be women.,"Amerikanische Soldaten spielen in einer Marschmusik mit Trommeln, die mit ""Fort Lewis, Washington"" beschriftet sind.",,Einige Männer in Uniform spielen in einer Marschkapelle.,,,,,,,,,"American soldiers play in a marching band with drums labeled ""Fort Lewis, Washington.""",Some men in uniform play in a marching band.
249384,contradiction,One dog with an object in its mouth is met by another dog nearby a fence.,One dog lies napping next to another dog in a field.,A dog cannot be napping with an object in its mouth simultaneously.,Ein Hund mit einem Objekt im Maul wird von einem anderen Hund in der Nähe eines Zauns begrüßt.,,Ein Hund liegt neben einem anderen Hund auf einer Wiese und schläft.,,,,,,,,,A dog with an object in its mouth is greeted by another dog near a fence.,A dog is lying next to another dog on a meadow and sleeping.
233391,contradiction,Lots of people in different costumes at some kind of party.,There are lots of people who are wishing they were at a party.,"If people are wishing they were at a party, they are not at some kind of party, but rather doing something else.",Viele Menschen in verschiedenen Kostümen bei irgendeiner Art von Party.,,"Es gibt viele Menschen, die sich wünschen würden, auf einer Party zu sein.",,,,,,,,,Many people in various costumes at some kind of party.,There are many people who would wish to be at a party.
138287,contradiction,A naked woman with pink hair and tattoos is standing in a crowd in front of a cloth barrier.,A naked woman with blue hair and tattoos is sitting in a crowd behind a cloth barrier.,Pink is not blue. Standing is not sitting. In front is not behind.,Eine nackte Frau mit rosa Haaren und Tattoos steht in einer Menschenmenge vor einem Stoffzaun.,,Eine nackte Frau mit blauen Haaren und Tattoos sitzt hinter einem Stoffzaun in einer Menschenmenge.,,,,,,,,,A naked woman with pink hair and tattoos stands in a crowd in front of a cloth fence.,A naked woman with blue hair and tattoos sits behind a cloth fence in a crowd of people.
208583,neutral,An older lady in a black shirt is adding ingredients to a KitchenAid mixing bowl as a crowd looks on.,A person is making a chocolate cake.,Someone can use a mixing bowl for something other than making a chocolate cake.,"Eine ältere Dame in einem schwarzen Hemd fügt Zutaten zu einer Küchenmaschenschüssel hinzu, während eine Menschenmenge zuschaut.",,Eine Person backt einen Schokoladenkuchen.,,,,,,,,,An older lady in a black shirt is adding ingredients to a food processor bowl while a crowd watches.,A person is baking a chocolate cake.
65254,contradiction,Man playing a tune on his flute.,A man is playing a trumpet.,Flute is not a trumpet.,Ein Mann spielt eine Melodie auf seiner Flöte.,,Ein Mann spielt eine Trompete.,,,,,,,,,A man plays a melody on his flute.,A man is playing a trumpet.
204548,contradiction,Two women with stethoscopes and a man with a blue hairnet on working tedious over an unknown object or person.,The women are wearing crosses.,"If someone is wearing a stethoscope, they are likely at work and not wearing jewelry, such as crosses.",Zwei Frauen mit Stethoskopen und ein Mann mit einer blauen Haarnetz auf arbeiten mühsam an einem unbekannten Objekt oder einer unbekannten Person.,,Die Frauen tragen Kreuze.,,,,,,,,,Two women with stethoscopes and a man with a blue hairnet are laboriously working on an unknown object or an unknown person.,The women wear crosses.
125263,contradiction,Hispanic man holding a very large basket while standing in the street.,A man is playing an instrument.,Holding something is different than playing something,"Ein hispanischer Mann hält einen sehr großen Korb, während er auf der Straße steht.",,Ein Mann spielt ein Instrument.,,,,,,,,,A Hispanic man is holding a very large basket while standing on the street.,A man is playing an instrument.
55181,entailment,A dirt dog runs down a muddy shore.,A dog is running down the shore.,A dog being on the shore implies that he is muddy.,Ein schmutziger Hund rennt einen schlammigen Ufer entlang.,,Ein Hund rennt am Ufer entlang.,,,,,,,,,A dirty dog runs along a muddy shore.,A dog runs along the shore.
161214,contradiction,A woman is looking on the food she kept in the glass box.,The woman is cleaning,cleaning is different from looking on the food,"Eine Frau schaut auf das Essen, das sie in der Glasbox aufbewahrt hat.",,Die Frau putzt.,,,,,,,,,A woman looks at the food she has stored in the glass box.,The woman is cleaning.
162510,neutral,"A group of people are standing outside at a carnival, near a ride called the Green Jungle.",They are preparing to take the ride.,Standing near a ride does not mean they are preparing to take the ride.,"Eine Gruppe von Menschen steht draußen auf einem Jahrmarkt, in der Nähe einer Fahrt namens Grüner Dschungel.",,"Sie bereiten sich darauf vor, die Fahrt zu unternehmen.",,,,,,,,,"A group of people is standing outside at a fair, near a ride called Green Jungle.",They are preparing to undertake the journey.
178297,neutral,A young girl sitting on a small chair surrounded by what looks like handmade fabrics and bags.,A young girl is picking out her favorite fabric.,That a girl is surrounded by fabrics doesn´t mean she is picking out her favorite fabric.,"Ein junges Mädchen sitzt auf einem kleinen Stuhl, umgeben von dem, was wie handgemachte Stoffe und Taschen aussieht.",,Ein junges Mädchen wählt ihren Lieblingsstoff aus.,,,,,,,,,"A young girl sits on a small chair, surrounded by what looks like handmade fabrics and bags.",A young girl chooses her favorite fabric.
52821,entailment,Two women are standing in the snow looking towards a tower with a orange cone shaped light.,A tower shines its orange light.,Two women looking towards a orange light tower in snow,Zwei Frauen stehen im Schnee und blicken auf einen Turm mit einem orangefarbenen kegelförmigen Licht.,,Ein Turm strahlt sein orangefarbenes Licht aus.,,,,,,,,,Two women stand in the snow and look at a tower with an orange conical light.,A tower radiates its orange light.
105089,contradiction,Female performers wearing white stage makeup and costumes with a dark background.,fish sleeps,The subjects can be either female performers or a fish that sleeps.,Weibliche Darstellerinnen mit weißem Bühnenmake-up und Kostümen vor einem dunklen Hintergrund.,,Der Fisch schläft.,,,,,,,,,Female performers with white stage makeup and costumes against a dark background.,The fish is sleeping.
123953,neutral,Walkers at an event in a park.,People are walking to raise money for charity,"Just because people are walking in a park for an event, it doesn't mean that they are raising money for charity.",Wanderer bei einem Event im Park.,,"Menschen gehen spazieren, um Geld für eine Wohltätigkeitsorganisation zu sammeln.",,,,,,,,,Wanderer at an event in the park.,People go for walks to collect money for a charity organization.
87786,entailment,Two people making funny faces at each other.,Two people are facing each other,Not all the people are are facing are making funny faces,"Zwei Menschen, die lustige Gesichter zu einander machen.",,Zwei Menschen stehen sich gegenüber.,,,,,,,,,Two people making funny faces at each other.,Two people stand facing each other.
35043,entailment,Students sitting outside in a forest with books and pencils.,The students had their books and pencils ready as they sat outside in the forest.,Both say that the students say outside in the forest.,Studenten sitzen draußen im Wald mit Büchern und Bleistiften.,,"Die Schüler hatten ihre Bücher und Bleistifte bereit, als sie draußen im Wald saßen.",,,,,,,,,Students are sitting outside in the forest with books and pencils.,The students had their books and pencils ready when they were sitting outside in the forest.
96380,neutral,A man standing in the water.,The man is standing in a pool.,We don't know if the water is a pool.,Ein Mann steht im Wasser.,,Der Mann steht in einem Pool.,,,,,,,,,A man is standing in the water.,The man is standing in a pool.
35325,entailment,A woman wearing a black coat and sunglasses is standing in front of a man walking away with a backpack.,A woman and a man are clothed.,Wearing a coat is being clothed.,"Eine Frau mit einem schwarzen Mantel und Sonnenbrille steht vor einem Mann, der mit einem Rucksack weggeht.",,Eine Frau und ein Mann sind bekleidet.,,,,,,,,,A woman wearing a black coat and sunglasses stands in front of a man who is walking away with a backpack.,A woman and a man are dressed.
130796,neutral,A little boy is playing on a playground rocking toy.,a young blonde boy plays outside,NOT ALL BOYS ARE BLONDE AND HE MAY NOT BE PLAYING OUTSIDE ON THE TOY.,Ein kleiner Junge spielt auf einem Wippspielplatzgerät.,,ein junger blondhaariger Junge spielt draußen,,,,,,,,,A little boy is playing on a seesaw playground equipment.,a young blonde-haired boy is playing outside
196835,contradiction,A man plays guitar in an outside theater.,A man is scuba diving at the reef.,Someone playing guitar is not a scuba diver.,Ein Mann spielt Gitarre in einem Freilichttheater.,,Ein Mann taucht mit Atemgerät am Riff.,,,,,,,,,A man is playing the guitar in an open-air theater.,A man dives with a breathing apparatus at the reef.
215973,neutral,A woman stands on the curb next to a busy street.,the woman is white,Not all women are white.,Eine Frau steht am Straßenrand neben einer belebten Straße.,,die Frau ist weiß,,,,,,,,,A woman stands at the roadside next to a busy street.,The woman is white.
156466,neutral,Two men in a kitchen holding an object.,There are men making cupcakes.,The object not necessarily be cupcakes,Zwei Männer in einer Küche halten ein Objekt.,,"Es gibt Männer, die Cupcakes backen.",,,,,,,,,Two men in a kitchen are holding an object.,There are men who bake cupcakes.
99592,neutral,"Runners, some in costume, in a St Paddy's day Marathon run in the streets as people watch.",people are racing in a st paddys day marathon,It cannot be inferred that the people are racing in a marathon.,"Läufer, einige in Kostümen, nehmen an einem St. Patrick’s Day-Marathon teil und laufen durch die Straßen, während Menschen zuschauen.",,Menschen nehmen an einem Marathon zum St. Patrick's Day teil.,,,,,,,,,"Runners, some in costumes, participate in a St. Patrick's Day marathon and run through the streets while people watch.",People participate in a marathon on St. Patrick's Day.
178200,neutral,People look upon a monument where a speed is being given.,People at a national monument,The monument doesn't have to be a national monument.,"Menschen betrachten ein Denkmal, wo eine Geschwindigkeit angegeben wird.",,Menschen an einem Nationaldenkmal,,,,,,,,,People are looking at a monument where a speed is indicated.,People at a national monument
248966,entailment,Two people converse in the middle of beautiful apartment buildings.,A couple of people are talking around some buildings.,"If you converse with someone then you are, by definition, talking to them.",Zwei Menschen unterhalten sich in der Mitte von schönen Wohngebäuden.,,Ein paar Leute unterhalten sich um einige Gebäude herum.,,,,,,,,,Two people are talking in the middle of beautiful residential buildings.,A few people are talking around some buildings.
56595,contradiction,A small child in a blue outfit is looking off at some trees in the distance.,A small child in red outfit looks at the cat in front of him.,The child can either be wearing a blue outfit or a red outfit. The child can either be looking at some trees in the distance or at the cat in front of him.,Ein kleines Kind in blauer Kleidung schaut zu einigen Bäumen in der Ferne.,,Ein kleines Kind in roter Kleidung schaut auf die Katze vor ihm.,,,,,,,,,A small child in blue clothing looks at some trees in the distance.,A small child in red clothing looks at the cat in front of him.
141812,neutral,A man stands looking out to sea on a raised platform between two large columns that hold a huge bell,There is a man on a watchtower.,A raised platform doesn't necessarily mean watchtower.,Ein Mann steht auf einer erhöhten Plattform zwischen zwei großen Säulen und blickt auf das Meer hinaus; die Säulen halten eine riesige Glocke.,,Es gibt einen Mann auf einem Wachturm.,,,,,,,,,A man stands on an elevated platform between two large columns and looks out to sea; the columns hold a huge bell.,There is a man on a watchtower.
94137,entailment,A man watching as one woman in a brown coat is talking to another woman in a gray coat.,Two women are talking,One woman talking to another woman indicates two women are talking.,"Ein Mann beobachtet, wie eine Frau in einem braunen Mantel mit einer anderen Frau in einem grauen Mantel spricht.",,Zwei Frauen unterhalten sich.,,,,,,,,,A man watches as a woman in a brown coat speaks with another woman in a gray coat.,Two women are talking to each other.
254365,neutral,"Two children, a boy and a girl, running across the dirt.",A brother and sister are running.,"Just because two children, a boy and a girl, running across the dirt doesn't necessarily mean that they are brother and sister.","Zwei Kinder, ein Junge und ein Mädchen, rennen über den Schlamm.",,Ein Bruder und eine Schwester laufen.,,,,,,,,,"Two children, a boy and a girl, run through the mud.",A brother and a sister are running.
158732,contradiction,A man in a green jacket plays a clown-themed carnival game while others watch.,The man is playing rock music.,Is he playing clown-themed carnival game or rock music,"Ein Mann in einer grünen Jacke spielt ein karnevalisches Spiel mit Clown-Motiv, während andere zuschauen.",,Der Mann spielt Rockmusik.,,,,,,,,,A man in a green jacket is playing a carnival game with a clown theme while others watch.,The man plays rock music.
173941,neutral,A boy poses for a picture and in the background a man is hanging by a rope.,The man has been lynched.,Hanging does not implicitly mean the man had been lynched.,Ein Junge posiert für ein Bild und im Hintergrund hängt ein Mann an einem Seil.,,Der Mann wurde gerichtet.,,,,,,,,,"A boy poses for a picture and in the background, a man hangs from a rope.",The man was judged.
51708,entailment,A group of men in jumpsuits walk along the dock of the Bumi Jaya.,Men walking along a dock.,walking is another form of walk.,Eine Gruppe von Männern in Overall geht entlang der Kaimauer des Bumi Jaya.,,Männer gehen entlang einer Kaimauer.,,,,,,,,,A group of men in overalls is walking along the quay wall of Bumi Jaya.,Men walk along a quay wall.
150543,entailment,Young brown children watching something on the internet.,Young children watching something on the internet.,THEY ARE ON THE INTERNET.,Junge braune Kinder schauen etwas im Internet.,,Kleine Kinder schauen etwas im Internet.,,,,,,,,,Young brown children are looking at something on the internet.,Small children are looking at something on the internet.
74224,contradiction,a violist playing next to an advertising sign,A violinist plays the flute next to an advertising sign.,A violist is not a violinist.,"ein Bratschenspieler, der neben einem Werbeschild spielt",,Ein Violinist spielt die Flöte neben einem Werbeschild.,,,,,,,,,a viola player playing next to an advertising sign,A violinist plays the flute next to an advertising sign.
96510,contradiction,A man with a tool belt talks to another man in a basement.,Two men are talking in the car.,Two men is more than one man. Cars aren't in basements.,Ein Mann mit einem Werkzeuggürtel spricht mit einem anderen Mann im Keller.,,Zwei Männer sprechen im Auto.,,,,,,,,,A man with a tool belt is talking to another man in the basement.,Two men are talking in the car.
198473,entailment,A man in a red jacket standing in a doorway.,A man wearing a jacket is in a doorway.,The man in the red jacket standing in the doorway must be the man wearing a jacket in the door way.,Ein Mann in einer roten Jacke steht in einem Türdurchgang.,,Ein Mann mit Jacke steht in einer Türöffnung.,,,,,,,,,A man in a red jacket is standing in a doorway.,A man wearing a jacket stands in a doorway.
189963,entailment,Two women sitting down next to a river.,A river with two women next to them.,"If the river was next to the women, then the women would be next to the river.",Zwei Frauen sitzen am Flussufer.,,Ein Fluss mit zwei Frauen daneben.,,,,,,,,,Two women are sitting by the riverside.,A river with two women beside it.
107168,neutral,A woman is excited and about to pop a bottle of wine as a young boy stands behind her looking quite anxious.,The boy thinks the woman is pretty.,You can look anxious and not think a woman is pretty.,"Eine Frau ist aufgeregt und kurz davor, eine Flasche Wein zu öffnen, während ein kleiner Junge hinter ihr steht und ziemlich besorgt aussieht.",,Der Junge findet die Frau hübsch.,,,,,,,,,"A woman is excited and about to open a bottle of wine, while a little boy stands behind her looking quite worried.",The boy finds the woman pretty.
173307,entailment,a young male playing with bubbled outside of a business,a young male is playing with bubbles,A male playing with bubbled must be playing with bubbles.,"ein junger Mann, der draußen vor einem Geschäft mit Blasen spielt",,ein junger Mann spielt mit Seifenblasen,,,,,,,,,a young man playing with bubbles outside a store,a young man plays with soap bubbles
60686,entailment,The wet dog leaped toward the basketball.,The dog leaped to the ball.,The dog leaped towards the basketball which is a type of ball.,Der nasse Hund sprang auf den Basketball zu.,,Der Hund sprang zu dem Ball.,,,,,,,,,The wet dog jumped towards the basketball.,The dog jumped to the ball.
109248,entailment,A bellhop is pushing a cart.,A person is pushing something,"In a both sentence,a person is pushing.",Ein Portier schiebt einen Wagen.,,Eine Person schiebt etwas.,,,,,,,,,A porter is pushing a cart.,A person is pushing something.
247049,entailment,A man wearing a red had that says NYC looks into the distance.,The man is wearing a souvenir from NYC.,"Sentence one states the man is wearing a red hat that says NYC Sentence two says the man is wearing a souvenir from NYC, this could be the red hat","Ein Mann mit einer roten Mütze, auf der NYC steht, blickt in die Ferne.",,Der Mann trägt ein Souvenir aus New York City.,,,,,,,,,A man wearing a red cap with NYC on it looks into the distance.,The man is wearing a souvenir from New York City.
92202,neutral,Five guys burying themselves in the sand with a dog behind them.,Five guys burying themselves in the sand with a black and white dog behind them.,There is no indication that the dog is black and white.,Fünf Kerle begraben sich im Sand mit einem Hund hinter ihnen.,,Fünf Kerle begraben sich im Sand mit einem schwarz-weißen Hund hinter ihnen.,,,,,,,,,Five guys bury themselves in the sand with a dog behind them.,Five guys bury themselves in the sand with a black-and-white dog behind them.
168528,entailment,Man on skis attempting to jump over a snow pile,A man is skiing.,Mans skiing to jump over a snow pile.,"Mann auf Skiern versucht, einen Schneehaufen zu überspringen",,Ein Mann fährt Ski.,,,,,,,,,Man on skis tries to jump over a snow pile,A man is skiing.
60134,contradiction,An asian man throwing a dart with a group of other men.,A group of students sit at their desks in a classroom.,The group cannot be throwing darts in a classroom.,Ein asiatischer Mann wirft einen Pfeil in einer Gruppe anderer Männer.,,Eine Gruppe von Schülern sitzt an ihren Schreibtischen im Klassenzimmer.,,,,,,,,,An Asian man throws an arrow among a group of other men.,A group of students is sitting at their desks in the classroom.
169782,entailment,A balding man sits on the sidewalk leaned against a bunch of woven blankets.,The man sat on the sidewalk.,A man could be balding.,Ein kahlschopfiger Mann sitzt auf dem Gehweg und lehnt sich gegen einen Stapel gewebter Decken.,,Der Mann saß auf dem Gehweg.,,,,,,,,,A bald man sits on the sidewalk and leans against a stack of woven blankets.,The man was sitting on the sidewalk.
64351,entailment,A vietnamese man driving a tractor through a dirt ravine while a woman rides on the back.,the man is driving a tractor.,A Vietnamese man is a man.,"Ein vietnamesischer Mann fährt einen Traktor durch eine staubige Schlucht, während eine Frau auf dem Rücken mitfährt.",,Der Mann fährt einen Traktor.,,,,,,,,,A Vietnamese man drives a tractor through a dusty gorge while a woman rides along on the back.,The man is driving a tractor.
62767,entailment,Drummers march down the street past onlookers.,Drummers are outside.,If people march down the street then they are outside.,Schlagzeuger marschieren die Straße entlang vorbei an Zuschauern.,,Die Schlagzeuger sind draußen.,,,,,,,,,Drummers march along the street past spectators.,The drummers are outside.
9017,contradiction,An old lady in a big black coat holds the hand of a young boy in a blue jacket in the subway.,A old lady looks through her cabinets for her favorite mug.,An old lady cannot look through her cabinets while being on the subway simultaneously.,Eine alte Dame in einem großen schwarzen Mantel hält die Hand eines jungen Jungen in einer blauen Jacke in der U-Bahn.,,Eine alte Dame sucht in ihren Schränken nach ihrer Lieblingstasse.,,,,,,,,,An old lady in a large black coat is holding the hand of a young boy in a blue jacket on the subway.,An old lady is searching her cabinets for her favorite cup.
242534,contradiction,A man wearing a blue shirt and matching helmet is jumping his bike over a hill.,A man in a green shirt rides his motorcycle.,He can't have two shirts on that is a blue shirt and a green shirt and  happen to match the helmet unless it's talking about a different man.,Ein Mann mit einem blauen Hemd und passendem Helm springt mit seinem Fahrrad über einen Hügel.,,Ein Mann im grünen Hemd fährt sein Motorrad.,,,,,,,,,A man with a blue shirt and matching helmet jumps over a hill with his bicycle.,A man in a green shirt is riding his motorcycle.
76154,neutral,Truck driver driving a eighteen wheeler truck.,The driver is a man,"The driver need not necessarily be a man, it may be a female driver too.",LKW-Fahrer fährt einen Achtzehnräder-LKW.,,Der Fahrer ist ein Mann.,,,,,,,,,Truck driver drives an eighteen-wheeler truck.,The driver is a man.
216060,entailment,The child has his mouth open and is surrounded by adults dancing.,The child is in awe of the grown ups dancing.,the boy has his mouth open because he wants to dance like the adults.,Das Kind hat den Mund offen und wird von tanzenden Erwachsenen umgeben.,,Das Kind ist von den tanzenden Erwachsenen beeindruckt.,,,,,,,,,The child has its mouth open and is surrounded by dancing adults.,The child is impressed by the dancing adults.
220896,contradiction,An old Asian man is playing a Asian Tradition Guitar.,The youth is a very good musician.,Old means older and youth means younger.,Ein alter asiatischer Mann spielt eine asiatische traditionelle Gitarre.,,Der Jugendliche ist ein sehr guter Musiker.,,,,,,,,,An old Asian man is playing an Asian traditional guitar.,The teenager is a very good musician.
245693,contradiction,We see a shot of a Korean historical drama with a man in bright red and yellow costume is in the foreground.,The man is naked.,One cannot be naked and costumed at the same time,"Wir sehen eine Szene aus einer koreanischen historischen Dramaserie, bei der ein Mann in einem hellen roten und gelben Kostüm im Vordergrund ist.",,Der Mann ist nackt.,,,,,,,,,We see a scene from a Korean historical drama series where a man in a bright red and yellow costume is in the foreground.,The man is naked.
205014,contradiction,People are checking out at target.,Women run outside.,One cannot run and check out simultaneously.,Menschen bezahlen bei Target ab.,,Frauen laufen draußen.,,,,,,,,,People pay at Target.,Women are running outside.
180264,neutral,A motorcyclist speeds down the road.,The motorcyclist is kicking up dirt on the dirt road.,Speeding down the road doesn't imply the road is a dirt road.,Ein Motorradfahrer rast die Straße hinunter.,,Der Motorradfahrer wirbelt Staub auf der Schotterstraße auf.,,,,,,,,,A motorcyclist speeds down the street.,The motorcyclist kicks up dust on the gravel road.
36991,entailment,A man with a beard& glasses is sleeping on public transportation while wearing a funny cap.,A man is sleeping in public.,Both sentences have a man sleeping in public but the first sentence is more specific.,"Ein Mann mit Bart und Brille schläft im öffentlichen Verkehr, während er eine lustige Mütze trägt.",,Ein Mann schläft im Freien.,,,,,,,,,A man with a beard and glasses is sleeping on public transport while wearing a funny hat.,A man sleeps outdoors.
22619,entailment,A baseball player swings at an oncoming ball while the catcher gets ready and the umpire looks on.,A baseball player is playing baseball.,A baseball player and a catcher are positions needed in playing baseball.,"Ein Baseballspieler schwingt nach einem herannahenden Ball, während der Catcher sich bereitmacht und der Schiedsrichter zuschaut.",,Ein Baseballspieler spielt Baseball.,,,,,,,,,A baseball player swings at an approaching ball while the catcher prepares and the umpire watches.,A baseball player plays baseball.
64212,contradiction,A person in jeans and a blue sweatshirt aims a camera while standing near a crowd of people.,a boy plays with a toy camera,"The person isn't necessarily a boy and if he is aiming the camera near a crowd, it is unlikely that it is a toy camera.","Eine Person in Jeans und einem blauen Sweatshirt richtet eine Kamera aus, während sie sich in der Nähe einer Menschenmenge aufhält.",,ein Junge spielt mit einer Spielzeugkamera,,,,,,,,,A person wearing jeans and a blue sweatshirt is adjusting a camera while staying near a crowd of people.,a boy plays with a toy camera
79262,entailment,"Eleven people gather in lake, group on left are male and conversing, group on right, male and female, walking further out into lake.",People are by the water.,The people are walking further into the lake so they must be by the water.,"Elf Menschen versammeln sich am See, die Gruppe links besteht aus Männern und unterhält sich, die Gruppe rechts besteht aus Männern und Frauen und geht weiter hinaus auf den See.",,Menschen sind am Wasser.,,,,,,,,,"Eleven people gather by the lake; the group on the left consists of men and is conversing, while the group on the right consists of men and women and proceeds further out onto the lake.",People are by the water.
171697,entailment,A group of men finish a fund raising run for Haiti in 28:24.,A group of men finish a marathon.,The fund raising run is a marathon.,Eine Gruppe von Männern beendet einen Spendenlauf für Haiti in 28:24.,,Eine Gruppe von Männern beendet einen Marathon.,,,,,,,,,A group of men finishes a charity run for Haiti in 28:24.,A group of men finishes a marathon.
2888,entailment,Three guys sitting on a sandy beach near the water and one is talking to the two little girls.,The guys sat on the beach near the water.,Three guys sitting is rephrased as 'the guys sat',Drei Männer sitzen am sandigen Strand nahe dem Wasser und einer spricht mit den beiden kleinen Mädchen.,,Die Jungs saßen am Strand nahe dem Wasser.,,,,,,,,,Three men are sitting on the sandy beach near the water and one of them is talking to the two little girls.,The guys were sitting on the beach near the water.
195181,neutral,A man is panting a piece of wood.,A man is painting a nature scene on a piece of wood.,"A man can paint anything on a piece of wood, it does not have to be a nature scene.",Ein Mann keucht ein Stück Holz an.,,Ein Mann malt eine Naturkulisse auf ein Stück Holz.,,,,,,,,,A man pants at a piece of wood.,A man paints a natural backdrop onto a piece of wood.
66517,entailment,Two young barefooted girls are climbing an old lava flow with their father and mother following close behind.,A family is climbing in the outdoors.,OLD LAVA FLOW S ARE OUTDOORS.,"Zwei junge barfüßige Mädchen klettern einen alten Lavastrom hinauf, während ihr Vater und ihre Mutter dicht hinter ihnen folgen.",,Eine Familie klettert im Freien.,,,,,,,,,Two young barefoot girls climb an old lava flow while their father and mother closely follow behind them.,A family climbs outdoors.
213565,contradiction,Several people are gathered on the steps in front of a brick building.,People on steps in front of a park.,brick building is not a park.,Mehrere Menschen sind auf den Stufen vor einem Backsteingebäude versammelt.,,Menschen auf Stufen vor einem Park.,,,,,,,,,Several people are gathered on the steps in front of a brick building.,People on steps in front of a park.
149052,contradiction,Two girls are carrying a shoe each in their hands while walking down the road wearing a sports costume.,The boy is at school working on homework alone,"a girl is referred to in the 1st sentence, not a boy","Zwei Mädchen tragen jeweils einen Schuh in der Hand, während sie auf der Straße in Sportkleidung gehen.",,Der Junge ist allein in der Schule und arbeitet an seinen Hausaufgaben.,,,,,,,,,Two girls are each carrying a shoe in their hand while walking on the street in sports clothing.,The boy is alone at school and working on his homework.
32674,entailment,A warmly dressed man stands with a carving station on the street in front of his rotisserie machine.,A man dressed for the winter is by a rotisserie machine,"If the man stands in front of his rotisserie machine, he is by a rotisserie machine.",Ein warm angezogener Mann steht mit einer Schneidestation auf der Straße vor seiner Spießbratemaschine.,,Ein Mann in Winterkleidung steht neben einer Spießbratemaschine.,,,,,,,,,A warmly dressed man stands on the street with a cutting station in front of his spit roaster.,A man in winter clothing stands next to a spit roaster.
105644,contradiction,A man is sitting outside a cafe on a stepladder,A man is climbing up a telephone pole.,Climbing and sitting are different.,Ein Mann sitzt auf einer Trittleiter vor einem Café.,,Ein Mann klettert einen Telefonmast hoch.,,,,,,,,,A man is sitting on a step ladder in front of a café.,A man climbs up a telephone pole.
198877,contradiction,Person dressed in black with a blue hat next to several cats outside.,A person standing next to some dogs outside.,The person is standing next to cats in one sentence and dogs in the other sentence.,Person in Schwarz gekleidet mit einer blauen Mütze neben mehreren Katzen draußen.,,Eine Person steht neben einigen Hunden draußen.,,,,,,,,,Person dressed in black with a blue hat next to several cats outside.,A person is standing next to some dogs outside.
133390,entailment,A fireman begins to cross the street towards the fire.,There is a fire.,A fireman responds to a fire as his duty.,"Ein Feuerwehrmann beginnt, die Straße in Richtung des Feuers zu überqueren.",,Es gibt einen Brand.,,,,,,,,,A firefighter begins to cross the street towards the fire.,There is a fire.
90488,entailment,A lot of people gathered in a park.,A large group of people are present.,A lot of people is a large group. Gathering at a location makes them present.,Viele Menschen versammelten sich in einem Park.,,Eine große Gruppe von Menschen ist anwesend.,,,,,,,,,Many people gathered in a park.,A large group of people is present.
124491,entailment,A young woman in a bikini holding a bottle is goofing around and kicking a man in a straw hat.,A woman playfull kicks a man.,A woman is kicking a man.,"Eine junge Frau im Bikini hält eine Flasche und veranstaltet einen Unsinn, indem sie einen Mann mit Strohhut tritt.",,Eine Frau spielerisch einen Mann treten.,,,,,,,,,A young woman in a bikini is holding a bottle and causing a commotion by kicking a man wearing a straw hat.,A woman playfully kicking a man.
95016,neutral,A couple in black coats is looking at the camera with pleasant expressions on their faces.,There is a couple in black coats looking at the camera so they can have their 15 minutes of fame.,A couple in black coats is looking at the camera with pleasant expressions on their faces does not mean couple in black coats looking at the camera so they can have their 15 minutes of fame,Ein Paar in schwarzen Mänteln schaut mit angenehmen Gesichtsausdrücken in die Kamera.,,"Es gibt ein Paar in schwarzen Mänteln, das in die Kamera schaut, um ihre 15 Minuten des Ruhms zu genießen.",,,,,,,,,A couple in black coats looks at the camera with pleasant facial expressions.,There is a couple in black coats looking into the camera to enjoy their 15 minutes of fame.
37050,entailment,A smiling middle-aged man wearing over-sized red sunglasses and a colorful patterned shirt sits in the grass in front of a blue-green backdrop.,A human smiling,a man is a human.,Ein lächelnder mittleren Alters Mann mit überdimensionierten roten Sonnenbrillen und einem farbenfrohen gemusterten Hemd sitzt auf dem Gras vor einem blaugrünen Hintergrund.,,Ein Mensch lächelt,,,,,,,,,A smiling middle-aged man with oversized red sunglasses and a colorful patterned shirt is sitting on the grass in front of a blue-green background.,A person is smiling.
10493,neutral,Some people are swimming in water; one has goggles on.,The water is cold.,Not all water that is swam in is cold.,Einige Menschen schwimmen im Wasser; einer trägt eine Schwimmbrille.,,Das Wasser ist kalt.,,,,,,,,,Some people are swimming in the water; one is wearing swimming goggles.,The water is cold.
68425,entailment,"A gentleman is hanging from a window, cleaning the outside of the window, while a gentleman on the inside watches.",A human hanging,A Human refers gentleman is hanging from a window,"Ein Herr hängt am Fenster und putzt die Außenseite, während ein Herr im Inneren zuschaut.",,Ein hängender Mensch,,,,,,,,,A man hangs out the window and cleans the outside while another man inside watches.,A hanging person
99533,entailment,A man in a colorful t-shirt is standing at an outside food stall.,A man stands by a food stall.,A man standing at an outside food stall implies the man stands by a food stall as part of the original description of the man in a colorful t-shirt.,Ein Mann in einem bunten T-Shirt steht an einem Imbissstand draußen.,,Ein Mann steht an einem Imbissstand.,,,,,,,,,A man in a colorful T-shirt is standing at a food stand outside.,A man is standing at a snack stand.
27355,contradiction,Two women are sitting at a makeshift table.,Two men on a bed.,Two women at a table are not at all the same as two men on a bed.,Zwei Frauen sitzen an einem provisorischen Tisch.,,Zwei Männer auf einem Bett.,,,,,,,,,Two women are sitting at a makeshift table.,Two men on a bed.
12562,contradiction,A girl dancing with four boys watching.,A girl is dancing with one of the four,There can be either a girl dancing with four boys watching or a girl is dancing with one of the four boys.,"Ein Mädchen tanzt, während vier Jungen zuschauen.",,Ein Mädchen tanzt mit einem der vier.,,,,,,,,,A girl is dancing while four boys watch.,A girl is dancing with one of the four.
8479,entailment,A man and two small children laying on a tiled floor.,a guy and two kids play inside,A man is also a guy.  Children are also called kids.  A tile floor would be located inside.,Ein Mann und zwei kleine Kinder liegen auf einem gefliesten Boden.,,ein Mann und zwei Kinder spielen drinnen,,,,,,,,,A man and two small children are lying on a tiled floor.,a man and two children are playing inside
177542,neutral,a number of people standing on the sidewalk along side the front doors of a transit bus,people are waiting for a bus.,"They may not be waiting for the bus, they may be exiting the bus",eine Anzahl von Menschen steht auf dem Gehweg neben den Vordertüren eines Stadtbusse,,Menschen warten auf einen Bus.,,,,,,,,,A number of people are standing on the sidewalk next to the front doors of a city bus.,People are waiting for a bus.
39006,neutral,A small child bangs a metal pan with a red and tan wooden hammer.,The child is wearing a blue shirt and brown pants.,A small child banging a metal pan is not necessarily  wearing a blue shirt and brown pants.,Ein kleines Kind schlägt mit einem roten und braunen Holzhammer auf eine Metallschüssel.,,Das Kind trägt ein blaues Hemd und braune Hosen.,,,,,,,,,A small child is hitting a metal bowl with a red and brown wooden hammer.,The child is wearing a blue shirt and brown pants.
63622,entailment,Snow is being kicked up by the board.,There is snow on the ground.,Snow cannot be kicked up unless it is on the ground.,Schnee wird von der Board aufgewirbelt.,,Es liegt Schnee auf dem Boden.,,,,,,,,,Snow is kicked up by the board.,There is snow on the ground.
4018,neutral,A baseball pitcher in a circle with a symbol to his right.,He is good at sports.,A person playing doesn't mean they are good at sports.,Ein Baseballwerfer in einem Kreis mit einem Symbol zu seiner Rechten.,,Er ist gut in Sport.,,,,,,,,,A baseball pitcher in a circle with a symbol to his right.,He is good at sports.
29918,neutral,Two people in lawn chairs reading books.,A man and a woman are in lawn chairs reading books,The two people don't necessarily need to be one of each gender. It could be two men or two woman instead.,Zwei Menschen in Liegestühlen lesen Bücher.,,Ein Mann und eine Frau sitzen in Liegestühlen und lesen Bücher.,,,,,,,,,Two people in lounge chairs are reading books.,A man and a woman are sitting in lounge chairs and reading books.
41651,contradiction,"Two male clowns, one in a plaid suit and the other in black, performing a musical number in a theater setting.",The clowns are in the dressing room.,The clowns cannot be in the theater setting and dressing room at the same time.,"Zwei männliche Clowns, einer in einem karierten Anzug und der andere in Schwarz, führen eine musikalische Nummer in einer Theaterkulisse auf.",,Die Clowns sind im Garderobenraum.,,,,,,,,,"Two male clowns, one in a checkered suit and the other in black, perform a musical number on a theater stage.",The clowns are in the dressing room.
84540,entailment,Father and daughter sitting down on bench and talking peacefully at a beautiful park.,People sitting and talking.,the people are father and daughter,Vater und Tochter sitzen auf einer Bank und unterhalten sich friedlich in einem schönen Park.,,Menschen sitzen und reden.,,,,,,,,,Father and daughter are sitting on a bench and talking peacefully in a beautiful park.,People are sitting and talking.
